<?xml version="1.0"?>
<doc>
    <assembly>
        <name>$safeprojectname$</name>
    </assembly>
    <members>
        <member name="T:$safeprojectname$.Controllers.CustomerController">
            <summary>
            
            </summary>
        </member>
        <member name="M:$safeprojectname$.Controllers.CustomerController.#ctor(Mvp24Hours.Core.Contract.Infrastructure.Pipe.IPipelineAsync)">
            <summary>
            
            </summary>
        </member>
        <member name="M:$safeprojectname$.Controllers.CustomerController.GetBy($ext_safeprojectname$.Core.ValueObjects.Customers.GetByCustomerFilterRequest)">
            <summary>
            Get list of customers
            </summary>
        </member>
        <member name="M:$safeprojectname$.Controllers.CustomerController.GetById(System.Int32)">
            <summary>
            Get customer with contact list
            </summary>
        </member>
        <member name="T:$safeprojectname$.Extensions.ServiceBuilderExtensions">
            <summary>
            
            </summary>
        </member>
        <member name="M:$safeprojectname$.Extensions.ServiceBuilderExtensions.AddMyServices(Microsoft.Extensions.DependencyInjection.IServiceCollection,Microsoft.Extensions.Configuration.IConfiguration)">
            <summary>
            
            </summary>
        </member>
        <member name="M:$safeprojectname$.Extensions.ServiceBuilderExtensions.AddMyTelemetry(Microsoft.Extensions.DependencyInjection.IServiceCollection)">
            <summary>
            
            </summary>
        </member>
        <member name="M:$safeprojectname$.Extensions.ServiceBuilderExtensions.AddMyHealthChecks(Microsoft.Extensions.DependencyInjection.IServiceCollection)">
            <summary>
            
            </summary>
        </member>
        <member name="T:$safeprojectname$.Pipe.Operations.Customers.GetByCustomerMapperResponseStep">
            <summary>
            
            </summary>
        </member>
        <member name="M:$safeprojectname$.Pipe.Operations.Customers.GetByCustomerMapperResponseStep.MapperAsync(Mvp24Hours.Core.Contract.Infrastructure.Pipe.IPipelineMessage)">
            <summary>
            
            </summary>
        </member>
        <member name="T:$safeprojectname$.Pipe.Operations.Customers.GetByIdCustomerMapperResponseStep">
            <summary>
            
            </summary>
        </member>
        <member name="M:$safeprojectname$.Pipe.Operations.Customers.GetByIdCustomerMapperResponseStep.MapperAsync(Mvp24Hours.Core.Contract.Infrastructure.Pipe.IPipelineMessage)">
            <summary>
            
            </summary>
        </member>
        <member name="T:$safeprojectname$.Pipe.Operations.Customers.GetCustomerClientStep">
            <summary>
            
            </summary>
        </member>
        <member name="M:$safeprojectname$.Pipe.Operations.Customers.GetCustomerClientStep.#ctor(Microsoft.Extensions.Configuration.IConfiguration)">
            <summary>
            
            </summary>
        </member>
        <member name="M:$safeprojectname$.Pipe.Operations.Customers.GetCustomerClientStep.ExecuteAsync(Mvp24Hours.Core.Contract.Infrastructure.Pipe.IPipelineMessage)">
            <summary>
            
            </summary>
        </member>
        <member name="T:$safeprojectname$.Program">
            <summary>
            
            </summary>
        </member>
        <member name="M:$safeprojectname$.Program.Main(System.String[])">
            <summary>
            
            </summary>
        </member>
        <member name="M:$safeprojectname$.Program.CreateHostBuilder(System.String[])">
            <summary>
            
            </summary>
        </member>
        <member name="T:$safeprojectname$.Startup">
            <summary>
            
            </summary>
        </member>
        <member name="M:$safeprojectname$.Startup.#ctor(Microsoft.Extensions.Configuration.IConfiguration)">
            <summary>
            
            </summary>
            <param name="configuration"></param>
        </member>
        <member name="P:$safeprojectname$.Startup.Configuration">
            <summary>
            
            </summary>
        </member>
        <member name="M:$safeprojectname$.Startup.ConfigureServices(Microsoft.Extensions.DependencyInjection.IServiceCollection)">
            <summary>
            This method gets called by the runtime. Use this method to add services to the container.
            </summary>
        </member>
        <member name="M:$safeprojectname$.Startup.Configure(Microsoft.AspNetCore.Builder.IApplicationBuilder,Microsoft.AspNetCore.Hosting.IWebHostEnvironment)">
            <summary>
            This method gets called by the runtime. Use this method to configure the HTTP request pipeline.
            </summary>
        </member>
    </members>
</doc>
