<?xml version="1.0"?>
<doc>
    <assembly>
        <name>$safeprojectname$</name>
    </assembly>
    <members>
        <member name="T:$safeprojectname$.Controllers.ContactController">
            <summary>
            
            </summary>
        </member>
        <member name="M:$safeprojectname$.Controllers.ContactController.GetBy(System.Int32,System.Threading.CancellationToken)">
            <summary>
            Get paginated list of customers
            </summary>
        </member>
        <member name="M:$safeprojectname$.Controllers.ContactController.Create(System.Int32,$ext_safeprojectname$.Core.Entities.Contact,System.Threading.CancellationToken)">
            <summary>
            Create contact for customer
            </summary>
        </member>
        <member name="M:$safeprojectname$.Controllers.ContactController.Update(System.Int32,System.Int32,$ext_safeprojectname$.Core.Entities.Contact,System.Threading.CancellationToken)">
            <summary>
            Update customer contact
            </summary>
        </member>
        <member name="M:$safeprojectname$.Controllers.ContactController.Delete(System.Int32,System.Int32,System.Threading.CancellationToken)">
            <summary>
            Delete customer contact
            </summary>
        </member>
        <member name="T:$safeprojectname$.Controllers.CustomerController">
            <summary>
            
            </summary>
        </member>
        <member name="M:$safeprojectname$.Controllers.CustomerController.GetBy($ext_safeprojectname$.Core.ValueObjects.Customers.CustomerQuery,Mvp24Hours.Core.DTOs.Models.PagingCriteriaRequest,System.Threading.CancellationToken)">
            <summary>
            Get paginated list of customers
            </summary>
        </member>
        <member name="M:$safeprojectname$.Controllers.CustomerController.GetById(System.Int32,System.Threading.CancellationToken)">
            <summary>
            Get customer with contact list
            </summary>
        </member>
        <member name="M:$safeprojectname$.Controllers.CustomerController.Create($ext_safeprojectname$.Core.Entities.Customer,System.Threading.CancellationToken)">
            <summary>
            Create customer - allows you to send contacts
            </summary>
        </member>
        <member name="M:$safeprojectname$.Controllers.CustomerController.Update(System.Int32,$ext_safeprojectname$.Core.Entities.Customer,System.Threading.CancellationToken)">
            <summary>
            Update customer data
            </summary>
        </member>
        <member name="M:$safeprojectname$.Controllers.CustomerController.Delete(System.Int32,System.Threading.CancellationToken)">
            <summary>
            Delete customer
            </summary>
        </member>
        <member name="T:$safeprojectname$.Extensions.ServiceBuilderExtensions">
            <summary>
            
            </summary>
        </member>
        <member name="M:$safeprojectname$.Extensions.ServiceBuilderExtensions.AddMyDbContext(Microsoft.Extensions.DependencyInjection.IServiceCollection,Microsoft.Extensions.Configuration.IConfiguration)">
            <summary>
            
            </summary>
        </member>
        <member name="M:$safeprojectname$.Extensions.ServiceBuilderExtensions.AddMyHealthChecks(Microsoft.Extensions.DependencyInjection.IServiceCollection,Microsoft.Extensions.Configuration.IConfiguration)">
            <summary>
            
            </summary>
        </member>
        <member name="M:$safeprojectname$.Extensions.ServiceBuilderExtensions.AddMyServices(Microsoft.Extensions.DependencyInjection.IServiceCollection)">
            <summary>
            
            </summary>
        </member>
        <member name="M:$safeprojectname$.Extensions.ServiceBuilderExtensions.AddMyTelemetry(Microsoft.Extensions.DependencyInjection.IServiceCollection)">
            <summary>
            
            </summary>
        </member>
        <member name="T:$safeprojectname$.Program">
            <summary>
            
            </summary>
        </member>
        <member name="M:$safeprojectname$.Program.Main(System.String[])">
            <summary>
            
            </summary>
        </member>
        <member name="M:$safeprojectname$.Program.CreateHostBuilder(System.String[])">
            <summary>
            
            </summary>
        </member>
        <member name="T:$safeprojectname$.Startup">
            <summary>
            
            </summary>
        </member>
        <member name="M:$safeprojectname$.Startup.#ctor(Microsoft.Extensions.Configuration.IConfiguration)">
            <summary>
            
            </summary>
            <param name="configuration"></param>
        </member>
        <member name="P:$safeprojectname$.Startup.Configuration">
            <summary>
            
            </summary>
        </member>
        <member name="M:$safeprojectname$.Startup.ConfigureServices(Microsoft.Extensions.DependencyInjection.IServiceCollection)">
            <summary>
            This method gets called by the runtime. Use this method to add services to the container.
            </summary>
        </member>
        <member name="M:$safeprojectname$.Startup.Configure(Microsoft.AspNetCore.Builder.IApplicationBuilder,Microsoft.AspNetCore.Hosting.IWebHostEnvironment,$ext_safeprojectname$.Infrastructure.Data.CustomerDBContext)">
            <summary>
            This method gets called by the runtime. Use this method to configure the HTTP request pipeline.
            </summary>
        </member>
    </members>
</doc>
